,Unnamed: 0,wheel,station,nMuons_mean,nMuons_std,hesse_unc_x,hesse_unc_y,hesse_unc_z,hesse_unc_phix,hesse_unc_phiy,hesse_unc_phiz,returns:,x std,y std,z std,phix std,phiy std,phiz std
0,0.0,-2.0,1.0,11.5,3.4771984543464143,0.2379848909769974,2.1020603583151463,1.7180764195265976,0.0044862850258686,0.0026265739725607,0.0022473297117542,2.0,0.2871052045817013,1.4033190839892016,1.1051832793173,0.00437964271508326,0.003233027568690857,0.002419618345657182
1,0.0,-2.0,1.0,27.75,8.069302098920101,0.1257824179552399,0.9832381027333444,0.7945173220263986,0.0027308682990336,0.0016079368250442,0.001326122134898,4.0,0.16066608325476653,0.9793280781935751,0.8151173674604149,0.001693094468155706,0.0015151127565230542,0.0013452197457500632
2,0.0,-2.0,1.0,62.333333333333336,4.7354242074224375,0.0815954349213238,0.7088975595951788,0.5735602264220675,0.0017050281033852,0.0010130867846997,0.0008450944227323,8.0,0.10319977833720248,0.3422892433529259,0.3349405479316153,0.0016650815621702968,0.0008493013595919643,0.0007103823154180162
3,0.0,-2.0,1.0,137.58333333333334,12.759725939870576,0.0575370098284573,0.5038833363653403,0.4074329188140464,0.0011889098648201,0.0007005088031804,0.0005824462779232,16.0,0.06814053052206746,0.3633459956961368,0.2982536704474528,0.0007721585339604903,0.0009218282110737085,0.000600647942948554
4,0.0,-2.0,1.0,304.5833333333333,21.36036403049235,0.0374581766774625,0.3297850436269055,0.2663141315564509,0.0007797976767512,0.0004672866714698,0.0003876449191377,31.0,0.05024727926454524,0.3622759505065041,0.28184898838616645,0.0007640533921631458,0.0005364559266848987,0.0004344990262681693
5,0.0,-2.0,1.0,620.5,28.433335109595312,0.026289124811095,0.2223533898999518,0.1793559542734317,0.0005429085251372,0.0003276109608463,0.0002711572268383,62.0,0.041612574941356395,0.1465668321034965,0.1096363173761055,0.00047194223408247453,0.00033814429988623604,0.0002676253042830371
6,0.0,-2.0,1.0,1289.5,24.11902304670056,0.0185569281761107,0.1605494991168352,0.1296595542179595,0.0003779422354452,0.0002269346271506,0.0001884732739674,125.0,0.035630648263183205,0.10360327181400569,0.08353730816796318,0.00020760759581841954,0.00034556432323650877,0.0002505580232925957
7,0.0,-2.0,1.0,2636.4166666666665,69.09737310272344,0.0130659353536846,0.1132848180472564,0.0914859643151159,0.000266797785473,0.0001596341650984,0.0001325743502089,250.0,0.0105100040139573,0.09120348148546188,0.07370513457035238,0.00011522583244273617,0.00015597047734019953,0.000123885308932272
8,0.0,-2.0,1.0,5331.583333333333,93.21866603298773,0.0091260323616929,0.0795469148783701,0.0642475096793642,0.0001872477859237,0.0001121405739834,9.311834316252267e-05,500.0,0.012967287021850621,0.067983263734824,0.04882875617215512,0.00010047614051078358,0.00013620723433833084,0.0001121461782099065
9,1.0,-2.0,2.0,13.333333333333334,4.030189107526376,0.1900923898178637,1.6331767101776422,1.545455569295561,0.0055888296329971,0.0020199313107133,0.0019105586006889,2.0,0.2791626809859455,1.605900496406887,1.367477365739887,0.004155893546350132,0.0023199079707361785,0.0019813015149904535
10,1.0,-2.0,2.0,29.666666666666668,7.559862111937965,0.1429604257594854,1.230742628117945,1.1730772211012652,0.0033720459911849,0.001635274951397,0.0015910470870886,4.0,0.15420313361841306,1.001283518051528,0.8884361536532461,0.0029222296926739296,0.0016982127193206828,0.0016046328634689478
11,1.0,-2.0,2.0,70.16666666666667,8.663752423783016,0.0909214496144886,0.7471441181815817,0.7091445550802741,0.0020133034628026,0.0009913934217386,0.000952180655128,8.0,0.096453284803197,0.5791605210095474,0.5592120389823384,0.0014186846941490955,0.0011928711166061757,0.0012911672408868053
12,1.0,-2.0,2.0,147.08333333333334,13.255930633859585,0.0627226633681957,0.5058904295068911,0.4816007777886854,0.0013980405931159,0.000676463290455,0.0006508740277503,16.0,0.07603448894791039,0.41900676417562804,0.38834311251784215,0.0010794807060585023,0.0007540386807576426,0.0006256159392101987
13,1.0,-2.0,2.0,298.9166666666667,19.532994619051088,0.0419501887163017,0.32280260609233,0.3062947232650279,0.0009753299441727,0.0004779246802583,0.0004608681120089,31.0,0.05452061606275728,0.35171802947430836,0.3158783614549984,0.0009889513721540843,0.0004875834401510697,0.00043598383378116106
14,1.0,-2.0,2.0,636.75,27.17326560493537,0.0302921043067881,0.2442071354403879,0.2322750524701264,0.0006823239699732,0.0003271959530108,0.0003161413186113,62.0,0.0568493530588699,0.24253550587730355,0.2078514172608841,0.0006504481116489064,0.00038193693745488687,0.00034910541095672427
15,1.0,-2.0,2.0,1335.1666666666667,41.47470934378583,0.0206223644780773,0.1551026592830267,0.147314701970532,0.0004649589587623,0.0002286048082025,0.0002204505235496,125.0,0.03687777791045633,0.16467784451686757,0.14289599278398674,0.0004157123706065679,0.00034239266486314025,0.00028639226795954697
16,1.0,-2.0,2.0,2749.4166666666665,52.396145474701285,0.0145914015776415,0.1184541402118699,0.1125917403720184,0.0003290938316043,0.0001589338961119,0.0001533175082413,250.0,0.020712141699495885,0.09501594095570348,0.09466479915747152,0.00022496272990939924,0.0001920309986833145,0.00016288743568067786
17,1.0,-2.0,2.0,5542.083333333333,68.14217534395318,0.0102134829188349,0.0798019078719299,0.0758125693184623,0.0002303757799769,0.0001118471799674,0.0001078838109572,500.0,0.01564019310264211,0.04431449986772363,0.04155476610390083,0.0001915768880475098,0.00015110883660630979,0.00011738222818330894
18,2.0,-2.0,3.0,12.25,3.671140521319325,0.2635512600361961,1.7946716273457937,2.0374824989023423,0.0068316292590664,0.0026753101066356,0.0030318702973577,2.0,0.36009558542507014,3.0031253477774364,3.4146420948914407,0.008594844999040726,0.002917462698368943,0.002845831000545183
19,2.0,-2.0,3.0,23.08333333333333,5.63202423376329,0.2139097551149394,1.4942461867666474,1.7209309496122536,0.0053046889635491,0.0017460951673185,0.0020124243256993,4.0,0.3626834427701126,0.9266129197110402,1.1835602246332655,0.004005243380454957,0.0025776384661393096,0.002827447644054315
20,2.0,-2.0,3.0,58.75,6.903556395734803,0.1381021059458061,0.9589352602409263,1.0964386667753012,0.0032429684190054,0.0011411290826779,0.0013103103639977,8.0,0.09624614120015239,1.0893625097201167,1.2093656017741647,0.002905100261240239,0.0011563661549442055,0.001294610154672835
21,2.0,-2.0,3.0,126.5,8.597039659620682,0.0928642737188706,0.6235655538914894,0.7158358750439935,0.0020708959413741,0.0007457598474039,0.0008655085210441,16.0,0.09814060818769307,0.37984428479978266,0.45024322191385335,0.002079300616555377,0.0007511579852408968,0.000869308204072805
22,2.0,-2.0,3.0,266.25,20.587396850765497,0.0638511485148596,0.4131244263737823,0.4735125482321807,0.0014206424602974,0.0004899867345143,0.0005668743981988,31.0,0.08927293128916848,0.34416152423813046,0.3884037906881088,0.0015142234883308483,0.00037455420530473164,0.00032943507877960084
23,2.0,-2.0,3.0,555.5,19.07640141402699,0.0436397467911994,0.2999500930710529,0.3436159435571444,0.0010211948475519,0.0003640948823223,0.0004217286845038,62.0,0.08145903153283157,0.279047410798191,0.33271248214578514,0.0009948211498154885,0.000387749699782909,0.00034062204613892526
24,2.0,-2.0,3.0,1170.5,23.71229063740421,0.0300031678882969,0.2047998209634634,0.2346085924826,0.0006980116999974,0.0002511139349644,0.000290800762264,125.0,0.03957539142440394,0.2713924846624586,0.3252098528241268,0.000441816395407754,0.0003237606301593597,0.0002705657746142246
25,2.0,-2.0,3.0,2430.0,62.65199699349357,0.0210500514647035,0.1454224592924582,0.1666351803591706,0.0004848094127249,0.0001747071120475,0.0002024621981177,250.0,0.022938209079408342,0.12765215015717696,0.15293609846392428,0.00030494590269753645,0.0001758941865757184,0.00017644771277598376
26,2.0,-2.0,3.0,4899.083333333333,98.34490173348946,0.0146847483237995,0.1008510287503305,0.1155100284246639,0.0003411729766555,0.0001228863974029,0.0001423005621914,500.0,0.018192156543010412,0.10662567008543958,0.12899816782805018,0.00025360535225564664,0.00017119670305260038,0.00015685199717041886
27,3.0,-2.0,4.0,16.428571428571427,8.99328198596713,0.7081726131389156,6.480955341834809,0.0146784020150112,0.0043467551115746,0.1762672771005116,0.213930672586104,2.0,1.0537122428377688,0.0,12.789523710402916,0.040345542373901026,0.013501618080676289,0.015582870192173639
28,3.0,-2.0,4.0,37.71428571428572,16.112243655195748,0.4370670347408311,2.6637967667008144,0.0102744645324499,0.0027738782803659,0.0970659260134942,0.1221354499047208,4.0,0.35649601642568834,0.0,2.700859689683604,0.01594474291706448,0.004827029515376229,0.006554296721228511
29,3.0,-2.0,4.0,78.0,27.92297096822449,0.2807796543300712,1.855367734054742,0.0069371696575147,0.0018828443528722,0.0630551752322632,0.0887922379273259,8.0,0.28343255706757947,0.0,2.102423700555409,0.00987415746947679,0.0015812746519601726,0.0022592391394350864
30,3.0,-2.0,4.0,187.78571428571428,59.6388858321205,0.1969216849409937,1.3173211995778185,0.0045800984081754,0.0012866320930464,0.0458910905685562,0.0607637985489128,16.0,0.3476565418424004,0.0,2.1747695650604344,0.006088588135884217,0.001409818431152612,0.002168857990987446
31,3.0,-2.0,4.0,386.7857142857143,124.550995778639,0.1394403738418068,0.9717931768495952,0.0035377156673278,0.0009187061942909,0.0332185711613248,0.0438405144779672,31.0,0.1758349639966262,0.0,1.1173691537259398,0.004093660126535267,0.0013262987318936996,0.001926543313783348
32,3.0,-2.0,4.0,796.7857142857143,242.9657077960492,0.0970900123596655,0.6447134468672331,0.0023791059245018,0.0006272088966205,0.0220284406749871,0.0296208994122875,62.0,0.09651771134345585,0.0,0.46812329762601324,0.0015995927681436472,0.0004504476362363537,0.000752252738304015
33,3.0,-2.0,4.0,1641.7857142857142,506.0149250719828,0.0668526129417755,0.3999662485760517,0.0016043603754411,0.0004306532413505,0.0154174055001852,0.0203711518388837,125.0,0.07257809911325858,0.0,0.36676527326922004,0.0021756681788400833,0.0004552199059863532,0.0006694913320834465
34,3.0,-2.0,4.0,3390.5714285714284,1033.8599603342889,0.0466312035321536,0.2793246638897876,0.0011090149103725,0.0003033527296258,0.0106280155653415,0.0143405055221215,250.0,0.029728049774751474,0.0,0.2243910622269433,0.0005573392954289907,0.0002525692353519045,0.00031953894817882524
35,3.0,-2.0,4.0,6818.571428571428,2074.457212206298,0.0330375399032243,0.2178614222062141,0.0007866620712133,0.0002135709149539,0.0075676779473155,0.0100908544439648,500.0,0.03432201492960904,0.0,0.15709205638718274,0.0006201566718911756,0.00019028785919810665,0.00027275094526656477
36,4.0,-1.0,1.0,18.416666666666668,4.100073909163841,0.1472933863643125,0.6828579037154557,1.0968193409430136,0.0057416847846835,0.0012714297398335,0.0020524004238939,2.0,0.18094130106112652,0.674206613017398,1.1204269816514578,0.00499949416754711,0.001629555311200837,0.002230996386295656
37,4.0,-1.0,1.0,47.583333333333336,4.9259670639531805,0.0844977317249798,0.3487563141602839,0.5529385891157654,0.0029556333218674,0.0006602212381719,0.0010048431054979,4.0,0.07872232210710926,0.30214287172335297,0.4779534099642636,0.0019678844658050456,0.0007050788206731247,0.0012552417869202016
38,4.0,-1.0,1.0,100.66666666666669,15.686319073020478,0.0602970010310076,0.2540508643296981,0.4013240585860758,0.0021474731274996,0.0004810154190182,0.0007301556911599,8.0,0.08542517017591743,0.2292180742337427,0.33844172123299276,0.0014481689769535423,0.0005324252105842325,0.0005202918425270737
39,4.0,-1.0,1.0,222.08333333333331,21.98536014274182,0.0387750779066485,0.1578743479796512,0.249484658846992,0.0013246150698725,0.0003109827835534,0.0004720887981443,16.0,0.04707259818899306,0.10443850471834039,0.16141243541574496,0.000965413758129367,0.0002974787722237106,0.0003850343609696366
40,4.0,-1.0,1.0,475.0,36.10338689727801,0.0275108296857801,0.1128668765995291,0.178553824751343,0.0009427706507947,0.0002184314156281,0.0003321143879248,31.0,0.03734358934858476,0.0910578353598289,0.12460178329175378,0.0006322021212197465,0.0002769707999179023,0.00038779406001098165
41,4.0,-1.0,1.0,925.6666666666666,91.86782336431494,0.0194153654785756,0.0797526368425103,0.1257073618899598,0.0006755072168378,0.0001550906724038,0.0002344535312878,62.0,0.02853790272019485,0.06966196029254107,0.10459309309347727,0.0006118174341540811,0.000160480847612407,0.00022950986047991885
42,4.0,-1.0,1.0,1983.3333333333333,199.741803032785,0.0135760113189895,0.0569252946120322,0.0900401345697202,0.0004692662712504,0.0001068955253195,0.0001619635761521,125.0,0.022180535954545135,0.03721169336817547,0.0526441326735173,0.00034771577195548696,0.00015857823560987654,0.00025817587301758783
43,4.0,-1.0,1.0,4055.5833333333335,389.586834370916,0.0092869832740957,0.0380917313862208,0.0601984433630416,0.0003234472780325,7.408278589973968e-05,0.0001121602276507,250.0,0.010447627549585291,0.037702313705509395,0.05136484542585894,0.0003072339718178505,0.00012314245907660867,0.00013762138490431213
44,4.0,-1.0,1.0,8133.666666666667,750.7741862823194,0.0066584758015629,0.0280048760635238,0.0442889941181779,0.0002305420243686,5.251164950116625e-05,7.954684678435302e-05,500.0,0.008609025540857575,0.019871792328342318,0.03020296657597251,0.0002610511237170686,7.431077849628301e-05,0.00010766257282187568
45,5.0,-1.0,2.0,17.333333333333332,5.773502691896258,0.1661689902879997,0.6790067807712478,1.2900862858739333,0.0073690201745777,0.0012102158898312,0.0020405295472826,2.0,0.2280855355652975,0.7390089467692963,1.4368301778371964,0.005272852028638972,0.0019072265640985868,0.0028071988316696753
46,5.0,-1.0,2.0,37.5,6.515715268068845,0.1112335268702741,0.4041890450849288,0.7475766571618815,0.0043314210524184,0.0007797312036849,0.0013804044395272,4.0,0.13683734337579456,0.27596846051842705,0.475377012661474,0.0040820063867797645,0.0008574984051110131,0.0013720874346331827
47,5.0,-1.0,2.0,94.66666666666669,14.259499757471628,0.0732528725261565,0.28804624918,0.5322172958482277,0.0028856889703038,0.0005061857366619,0.0008872209420431,8.0,0.10573344709247262,0.2479696561254326,0.4744619947483466,0.002434935289936451,0.0006891744017424887,0.0013437555733894799
48,5.0,-1.0,2.0,199.0,23.79839566785199,0.0489277954404923,0.1932126634911214,0.3588673153130555,0.0019081660043088,0.0003336482803792,0.0005870393939081,16.0,0.04629463001879945,0.19843799394052855,0.3237293198598239,0.0009304233474548123,0.00037550217452898626,0.0006494218972433743
49,5.0,-1.0,2.0,416.75,32.58869017424185,0.0328918936315114,0.13365808368121,0.2474368943117955,0.0013360183381974,0.0002339846683011,0.0004105595774874,31.0,0.04862830420380569,0.1235140135755147,0.18786569862091093,0.0009847482067000051,0.0002419417653617323,0.0004249257121637041
50,5.0,-1.0,2.0,865.0833333333334,74.40241727907566,0.0234545713383695,0.090656481198717,0.1677622449579562,0.0009179977759595,0.0001629353143632,0.000286028640757,62.0,0.02708942129842666,0.11435134332038376,0.17650925793856692,0.0010035883308124054,0.00024796123154233695,0.0003367448330779161
51,5.0,-1.0,2.0,1782.3333333333333,142.61157248295316,0.0166344221420523,0.0610611769730434,0.1128246168469747,0.0006377683095503,0.0001142380920125,0.0002000805254557,125.0,0.025363686951520113,0.04928898242726512,0.08815765911067529,0.0006394359923673779,0.00016647457787737443,0.0002475377023692759
52,5.0,-1.0,2.0,3653.0,258.73679149422736,0.0115980961081262,0.0442936959397158,0.0820408221558024,0.0004513993058627,7.972759350856306e-05,0.0001398123146698,250.0,0.023542016385210113,0.03805173622122711,0.06872386730090024,0.0003027784953012426,6.3126225111085e-05,0.0001349577613210583
53,5.0,-1.0,2.0,7345.083333333333,531.4615282977744,0.0081677705036319,0.031311172127533,0.0579348168202851,0.0003177770444824,5.616044723231229e-05,9.85858804968203e-05,500.0,0.011136447923452827,0.02790207492987113,0.04436148277387988,0.00042217956064811253,4.316955098322845e-05,0.00011550586921620045
54,6.0,-1.0,3.0,13.75,5.361902647381804,0.3060517930024263,0.9981691573409122,2.216126049363318,0.012374020499956,0.0015269362025528,0.0029667434446993,2.0,0.26696164488973634,0.818471218452672,1.290529438416032,0.012523799670997407,0.0015898459408058684,0.004063961510944245
55,6.0,-1.0,3.0,35.416666666666664,4.699290726623895,0.1615125072556302,0.5251275241945205,1.1821437095378886,0.0065796377813169,0.0008150764790292,0.0016615043384435,4.0,0.23521301687670235,0.4442013938483164,0.627290443059244,0.007129042292769955,0.0009265046337866404,0.0020956588370026545
56,6.0,-1.0,3.0,79.83333333333333,12.171750701994974,0.100066915111839,0.346500132275107,0.7574409767984126,0.0043042401574881,0.0005676575405412,0.0011570944213848,8.0,0.19532914468686838,0.3138431403583226,0.8436421311982717,0.004454171254596454,0.0007299188158713043,0.00083053455744863
57,6.0,-1.0,3.0,174.16666666666666,24.349102403965283,0.070548883761545,0.2320909125034125,0.5106803713348171,0.0030437491957562,0.0003951780189568,0.0008046896917445,16.0,0.13282792699897034,0.25834659527815634,0.4567316846664782,0.0034197144209843202,0.00035467420122384496,0.0010749861378325663
58,6.0,-1.0,3.0,350.1666666666667,38.98212488572244,0.0506840951384159,0.1701298817570466,0.3719771050302244,0.0021147147167722,0.0002763105438934,0.0005653257173229,31.0,0.06269361891132488,0.1921025394422627,0.4138145639594387,0.0018210222790459567,0.00034147616479935635,0.0006771666430387399
59,6.0,-1.0,3.0,735.4166666666666,64.3632565046144,0.0334726206523082,0.1146586564547134,0.2512512437780159,0.001461617254961,0.0001916126735544,0.0003920115857131,62.0,0.04355718103650527,0.104256260705194,0.23548212909388705,0.0013548897163203563,0.00022026442843220385,0.000312540608141742
60,6.0,-1.0,3.0,1529.9166666666667,102.08326221395173,0.024303684562908,0.0828089638867677,0.1822325094487808,0.0010192915023027,0.0001321278421327,0.0002699021581981,125.0,0.04196150009156479,0.12175109286386109,0.24643885920658126,0.0008196165887217908,0.00012510509105681365,0.00027560387902471204
61,6.0,-1.0,3.0,3130.583333333333,238.10710284290644,0.0171306255966714,0.0522320678957541,0.1150545848717033,0.0007042813713282,9.229480393463836e-05,0.0001880077347699,250.0,0.029639645255851863,0.04616411716720206,0.09009356439145322,0.0006154845528604632,0.00014513502065977585,0.00021703572781723305
62,6.0,-1.0,3.0,6330.916666666667,469.2474552327634,0.0121785672392116,0.0420608586851639,0.0925771480082063,0.0005060905716042,6.525265001004429e-05,0.0001331031867887,500.0,0.018120797914859915,0.04546741766290655,0.09382627921630675,0.0004498666948698378,8.867789376429585e-05,0.0001657493750491612
63,7.0,-1.0,4.0,18.928571428571427,5.823880357423427,0.4963329671558341,3.7669858166519754,0.0244044305111065,0.0035146573700108,0.0994863457034611,0.1898137377784563,2.0,0.32014292699348357,0.0,3.1715282333060424,0.03660292615795844,0.001972283825778412,0.008240429059404348
64,7.0,-1.0,4.0,46.642857142857146,14.710577789505717,0.3497424664766103,2.4934772192376538,0.0158146559512732,0.0024009379119716,0.0785430578318124,0.1150415135642036,4.0,0.21638950022107659,0.0,1.3889645030218627,0.02201193434936673,0.0010547487277850897,0.004072143888179015
65,7.0,-1.0,4.0,95.0,31.459375513387226,0.2744647440278728,1.929186560629709,0.0113904254906102,0.0016724314207592,0.0635773920397135,0.085787466359811,8.0,0.30149905694134166,0.0,1.2019411734158938,0.012349599083968342,0.00116341602423934,0.0031421784690165684
66,7.0,-1.0,4.0,216.7142857142857,70.0850346929506,0.1704288267870198,1.1787889002822225,0.0080260046100161,0.0011625635773705,0.0393532678076784,0.0542200824247805,16.0,0.15285439828253164,0.0,1.1711290257747362,0.00881516809975922,0.0007934922273837331,0.002091284353096769
67,7.0,-1.0,4.0,439.9285714285714,135.90577294905142,0.1181246950109441,0.7378865572895141,0.0054491598959315,0.0007906438154169,0.027343911113811,0.0380247938828827,31.0,0.13704755608341845,0.0,0.6461102098578134,0.005066797071335118,0.0003531266536162485,0.0012208829015824224
68,7.0,-1.0,4.0,904.7857142857144,279.07131114340064,0.0835222510985631,0.5464523963060016,0.0038187732697443,0.0005555851677028,0.0199927128063487,0.0255036458207309,62.0,0.10276283048294223,0.0,0.4525792885672913,0.004812308655448414,0.00025929538300728647,0.000936649601020552
69,7.0,-1.0,4.0,1864.142857142857,588.169501621227,0.0598770048873999,0.3990392658802962,0.0026469138363654,0.0003857412900599,0.0137562274780759,0.0182566416489217,125.0,0.06551033704209229,0.0,0.40398762859012904,0.002964338828202272,0.00014520903138262364,0.0005435062282426619
70,7.0,-1.0,4.0,3778.785714285714,1149.739514215916,0.0413944613272286,0.2732832596409813,0.0018552089216196,0.0002719388192747,0.0094911515521413,0.0129052152198525,250.0,0.049976272410162545,0.0,0.23982075248187984,0.0021621883990757687,0.00011947809452031319,0.0004369038454135147
71,7.0,-1.0,4.0,7651.785714285715,2329.8136993387207,0.0285836864062602,0.1904013299023182,0.0013004028771335,0.0001903787090436,0.0067073259612158,0.0090318859396782,500.0,0.02034276012485176,0.0,0.1581451957358442,0.0011887803682455655,7.461652974180057e-05,0.00023496688705640072
72,8.0,0.0,1.0,23.416666666666668,5.451577475345734,0.1044808874069,0.1317857288682402,0.64106889905324,0.0128993132892155,0.0004329588125137,0.001542388002417,2.0,0.15587352189516795,0.2053413222480339,0.5515256897367449,0.018271509412323295,0.0008061477848251945,0.002115173191792007
73,8.0,0.0,1.0,53.0,6.809084840390548,0.0714404413946797,0.0868889185492987,0.4236073260304485,0.0083101504198179,0.0003080455052964,0.0010693715833765,4.0,0.11473994180417776,0.11068297550824951,0.3306941225239796,0.0057435055061575355,0.0005553754511947685,0.0013406398998285463
74,8.0,0.0,1.0,125.0,10.2247471629109,0.0473522086778079,0.0564953464160249,0.2726857470911648,0.0052551173472467,0.0001851638913683,0.0006766670771755,8.0,0.05884696634416741,0.08806388754608342,0.26266695145325014,0.0038732495590582334,0.0002142792419264516,0.0007375319595938607
75,8.0,0.0,1.0,266.0,21.16601048851673,0.0314613082478568,0.0384162075171404,0.1830524514995633,0.0037237033537416,0.000135683148057,0.0004701312759928,16.0,0.041094232174064674,0.040615178782729945,0.18948325532666233,0.003528691740732592,0.0002555467797900107,0.0005450611483675005
76,8.0,0.0,1.0,539.0833333333334,20.40703235889456,0.0219679691065575,0.0267794121792594,0.1271698011846103,0.0025682343156339,9.250491878813796e-05,0.0003343682600566,31.0,0.026441339529110396,0.04249626130302194,0.15152773395638772,0.00373563229081829,0.00013571577932511257,0.00032725512505106595
77,8.0,0.0,1.0,1108.25,28.451314077336967,0.0152541087361187,0.01901973536444,0.0874999428571242,0.0017928631663719,6.56738469001677e-05,0.0002316150901819,62.0,0.0190589588022747,0.017943838561801113,0.08461493588277534,0.0022426079880839903,8.813060695895919e-05,0.00028639114410990065
78,8.0,0.0,1.0,2248.9166666666665,39.00922579300565,0.0104653396186331,0.0133483738085705,0.0619730317692031,0.0012165603834856,4.743747639437269e-05,0.0001642246936364,125.0,0.015041868067480068,0.023628994193697985,0.08292646738828158,0.0012651179535607916,0.00010504729913256354,0.00023196589200534501
79,8.0,0.0,1.0,4574.583333333333,74.25320113495363,0.0071889208740487,0.0095022177235983,0.0417839283297617,0.0008876386746118,3.173329350487697e-05,0.0001171524291966,250.0,0.010868327118698177,0.01039684326553102,0.04301817691481989,0.000714123586991977,3.785933188650355e-05,0.00013397839777622988
80,8.0,0.0,1.0,9247.583333333334,96.07143018072384,0.0051256755652304,0.0065153997063367,0.029261893593318,0.0006213101748187,2.192833973043407e-05,7.929396782437698e-05,500.0,0.00932714490617525,0.0075369504949550385,0.033249961191495,0.0008146498851880542,4.633045874726196e-05,0.00010815407664652614
81,9.0,0.0,2.0,21.416666666666668,3.9876703915337774,0.1346055038498302,0.1825137894333831,0.9507074997074548,0.017699253750747,0.0004801827777003,0.0018887970157395,2.0,0.25157402044076405,0.30563105899237153,1.0610766683790804,0.025885220284638546,0.0009121205126951716,0.003370924109237756
82,9.0,0.0,2.0,49.5,5.317210478505367,0.091250579906833,0.1254035153680576,0.6345005910162732,0.0124698302581336,0.0003495972563774,0.0012649868247008,4.0,0.1799860653860323,0.1945321912313712,0.51299614645884,0.020463609328087207,0.0005304860325877892,0.002194625077482673
83,9.0,0.0,2.0,109.75,15.702489669418089,0.0625518185187289,0.0812384914926416,0.4172918642868562,0.0081488915401625,0.0002253871668928,0.0008228721549143,8.0,0.09349834018506101,0.07921254030027235,0.5843057265013074,0.010799338455212398,0.00034111861716445323,0.0009673955859443337
84,9.0,0.0,2.0,234.75,15.55707965116613,0.0391827130250063,0.052926277342482,0.2643592252976998,0.0051809555103281,0.0001469161892599,0.0005378897036877,16.0,0.0438379196063282,0.06804578456803323,0.3609949982416256,0.007872163953227616,0.00018825053913200336,0.000694963061212054
85,9.0,0.0,2.0,478.6666666666667,20.02876719000736,0.0292330477941204,0.0379441552372254,0.1933084969679294,0.0037609389341847,0.0001097345319395,0.0003894153737762,31.0,0.033721540868400984,0.05656675358784761,0.15770889895276993,0.003466427275836916,0.00014851416795420334,0.0006620939868746875
86,9.0,0.0,2.0,981.0,35.88618371766747,0.0199760961317937,0.0262554613366438,0.1337439718267705,0.0025713156489755,7.358012073017187e-05,0.0002685616161454,62.0,0.03295434773609704,0.030485635260667415,0.05297261616132949,0.0021332864422233624,0.00010710872654073997,0.00020040762785271377
87,9.0,0.0,2.0,2004.0833333333333,58.80237832749367,0.0127232136925647,0.0178011282413971,0.0907728391829479,0.0016213538581485,4.868639440336489e-05,0.0001829989754069,125.0,0.017241957533551403,0.024310913024151018,0.10215958352773612,0.002425839889851864,3.388029600429707e-05,0.00020064665703552385
88,9.0,0.0,2.0,4105.333333333333,85.41485216106722,0.0087831258672525,0.0120260862295262,0.0620414310494742,0.001111913815605,3.3450728691614475e-05,0.0001262048269018,250.0,0.013640819074938039,0.01900644376554856,0.06982918957839665,0.001547048941671565,5.530251052606157e-05,0.00017034420156794545
89,9.0,0.0,2.0,8283.5,131.4565258243887,0.0061275742889553,0.0082257172939507,0.0426894307762471,0.0007522010480361,2.4528678793064525e-05,8.893770291614237e-05,500.0,0.006517509398456817,0.012380197059273991,0.03925077486711505,0.001289645781856812,3.028134083943844e-05,8.173326232588244e-05
90,10.0,0.0,3.0,17.083333333333332,5.333570070503405,0.2207133132972877,0.2856267231895503,1.66666333333,0.0331377918697067,0.0006201100708745,0.0025747559754923,2.0,0.34400218650675723,0.549156279494963,1.8884810495189062,0.06183633660970491,0.0009726488071848608,0.0026202245705712114
91,10.0,0.0,3.0,37.41666666666666,4.541892543729748,0.1299017545429365,0.1825235601230701,0.9544090230783306,0.0175885663618916,0.0004035195988631,0.0016455482875524,4.0,0.21463701814515287,0.2624838605660995,1.4495572254168774,0.03083438405123048,0.0005688967876535385,0.0024266438328298134
92,10.0,0.0,3.0,86.66666666666667,12.87939392513436,0.0914810089581438,0.1145366753489902,0.636023518957174,0.0126006454861116,0.0002769224921646,0.0011193681625512,8.0,0.19434451144816223,0.10322722909252671,1.034527304919479,0.01672986028609043,0.0006795039139228418,0.0012922262142219304
93,10.0,0.0,3.0,184.58333333333331,11.634262357625456,0.055458640745454,0.0774334176351959,0.3974150538165357,0.0082738347618662,0.0001780791490695,0.0007503553602571,16.0,0.09213751552187302,0.09818588721603007,0.5267414323672918,0.008825259479992352,0.0002954051388059389,0.0008079810557734339
94,10.0,0.0,3.0,375.6666666666667,20.79918413318322,0.042599903168904,0.0571412868831869,0.3097244877844394,0.0061538422956718,0.000137532117461,0.0005412052136974,31.0,0.06321434750503574,0.06682876315554012,0.26523195828477936,0.008088758535901446,0.0002084442657828319,0.0008946395399830841
95,10.0,0.0,3.0,788.1666666666666,26.28111431612004,0.0274654813660104,0.038297203988455,0.1956816717699097,0.0039422057066233,8.823536705879339e-05,0.0003669004179156,62.0,0.05593459907065854,0.0457502144116574,0.20747601148554462,0.0035989788979317364,0.00016185153957635744,0.0003223222867334941
96,10.0,0.0,3.0,1648.25,41.02355199372451,0.0197821489395532,0.0273956505063607,0.1432374980001163,0.002892179109253,6.299759254659392e-05,0.0002646114447008,125.0,0.034364653765041164,0.0348800743773068,0.20014205607661487,0.002468128880197909,0.00012409358023782226,0.00026205939555210423
97,10.0,0.0,3.0,3296.583333333333,77.07665409227755,0.0142189034973399,0.0187584447649585,0.1002718513176388,0.001931604686955,4.484849495802507e-05,0.0001796468990362,250.0,0.01920835786933678,0.02753438431113884,0.16569966811522868,0.002598309874338462,4.834301027755155e-05,0.000227662185141256
98,10.0,0.0,3.0,6698.916666666667,100.86936496220638,0.0086750537942616,0.0133381470477224,0.0673088156682812,0.0013949150213065,3.029741325592005e-05,0.0001308224942431,500.0,0.01609506016182712,0.019096897100654646,0.07361031186259934,0.0019357953281588002,5.2293143469346736e-05,0.00014674008468645774
99,11.0,0.0,4.0,21.428571428571427,6.3453712471167725,0.4729500275625624,3.84399531737488,0.0685179293532513,0.0068311608613972,0.1045556726274161,0.1670909100120137,2.0,0.7087299330299398,0.0,3.013730947166673,0.10580743152787232,0.002654829562373449,0.015108850674955892
100,11.0,0.0,4.0,49.285714285714285,17.45071553052976,0.3677319122481951,2.519898240575826,0.0473597229419984,0.0061991654104172,0.0763969593402026,0.112735245958966,4.0,0.3555836825540245,0.0,2.7029987784884364,0.07682542753721903,0.0012176316739117487,0.010587673316746033
101,11.0,0.0,4.0,118.5,38.45426854369706,0.2311583424532073,1.4476012424500253,0.0287711847414834,0.0040083535852374,0.0515443268320717,0.0737396859855183,8.0,0.1992693341299495,0.0,0.9124199844560444,0.04998190935983166,0.00046494343611350707,0.004778894982646261
102,11.0,0.0,4.0,249.07142857142856,84.11481556659444,0.1648126447125427,0.9512428223870376,0.0177928486838312,0.0026223993212323,0.0399968151857119,0.0475571169929981,16.0,0.13756608110365254,0.0,0.850927280030825,0.01113210555219918,0.00029822177396400415,0.002939645333939278
103,11.0,0.0,4.0,501.2142857142857,162.42166328201634,0.1112891119048554,0.7461280529698447,0.0141546206489006,0.0017836966570259,0.0258789489188192,0.0347286554543115,31.0,0.17697640247755664,0.0,0.9249512432401822,0.011729353246273964,0.00021832546320297772,0.001677873622349793
104,11.0,0.0,4.0,1041.428571428571,315.0693975534997,0.0788539413816999,0.50983774029447,0.0093837553402523,0.0012322539995007,0.0184152797639817,0.02418663531519,62.0,0.0769747680742152,0.0,0.48245322277885155,0.005941305033339925,9.756565798945682e-05,0.0015539598138322587
105,11.0,0.0,4.0,2102.785714285714,654.6305098264245,0.0547791650956039,0.3317641363120148,0.0062834541797144,0.0008882054648881,0.0130495591195367,0.017174306844819,125.0,0.06567432980219462,0.0,0.3150925881857579,0.006002952291590745,7.110493208521721e-05,0.0011955259430551028
106,11.0,0.0,4.0,4265.928571428572,1344.743925539255,0.0345912003673931,0.1805773221800408,0.00468784659671,0.0006260898320985,0.0091011777530634,0.0119852877949831,250.0,0.03542088411048911,0.0,0.1705469911096663,0.007989523550256717,8.681505196940153e-05,0.0009060128134824106
107,11.0,0.0,4.0,8638.5,2665.825943593929,0.0267714361373674,0.1599544555713996,0.0032830853302517,0.0004347678526688,0.0063867079050388,0.0084561322142023,500.0,0.018811205345754443,0.0,0.18046087024797886,0.003849098817819528,3.977591485533897e-05,0.0005365253388496631
108,12.0,1.0,1.0,23.25,6.64864989712539,0.1442037071876679,0.5712166401637824,0.9156910778204624,0.0046926600487712,0.0009781383252553,0.0014883853107758,2.0,0.1138547421202001,0.5277402278736752,0.8833214484262438,0.005116044756533158,0.0011066740406244445,0.0014176081586457566
109,12.0,1.0,1.0,45.583333333333336,12.573119475028196,0.0892302032199112,0.3697187669927869,0.5783856124305536,0.0029906541926474,0.0006916928509099,0.0009965346205727,4.0,0.10364142825551138,0.197679549707514,0.4265036907906929,0.002235040441141492,0.0006447883422636018,0.0008758062521530438
110,12.0,1.0,1.0,102.08333333333331,16.19460254267302,0.0593077355831429,0.2454417276395085,0.3884931359324984,0.0020489743369142,0.0004595140549174,0.0006999209479172,8.0,0.05962004283528572,0.16299230067281933,0.2565280985359078,0.001186823715347597,0.0007244106994944476,0.000716969124838387
111,12.0,1.0,1.0,229.75,25.76511030620496,0.040296815424216,0.1645240104057763,0.2609485262141431,0.0013498110978948,0.0003080630211498,0.0004666286889308,16.0,0.04463805714085691,0.10369668060534419,0.15846956252042246,0.0007761387323880634,0.00032963009723222523,0.0005075290082780712
112,12.0,1.0,1.0,459.3333333333333,50.31416452168466,0.028988617018869,0.1192376478578249,0.1885324684680775,0.0009825583952111,0.0002231502109939,0.0003402365353691,31.0,0.03324445573801185,0.10372755069029078,0.14717439240734437,0.000700330584608338,0.0001684554385042813,0.0002886123056508915
113,12.0,1.0,1.0,945.0,98.02040603874276,0.0197986110623952,0.0821494826520532,0.1299067935098084,0.0006753001801668,0.0001534591693795,0.0002335158274435,62.0,0.022371275873994657,0.05517211067406949,0.07995281547895942,0.00041618244568691226,0.00019630885063322336,0.0003040464355626624
114,12.0,1.0,1.0,1985.0833333333333,204.5542641200544,0.0138644539500599,0.0573470865287272,0.0907956955661078,0.000467697551843,0.0001066128119255,0.0001615869992707,125.0,0.016982226601555173,0.04318030221137366,0.06227989813654507,0.0004767051996467618,8.982517229166317e-05,0.00019516384597355316
115,12.0,1.0,1.0,4057.5,400.5538211481244,0.0096681595111651,0.0397929956148063,0.063020935674848,0.0003261015562673,7.428162626114212e-05,0.000112850121843,250.0,0.011227870129036787,0.030616440488297963,0.05535603353107749,0.0003518580234761134,8.489053774330729e-05,9.120422252707815e-05
116,12.0,1.0,1.0,8171.333333333333,795.5783868965834,0.006747093818823,0.0272775976459316,0.0432232479883993,0.0002264754769653,5.229680519241431e-05,7.956063725234986e-05,500.0,0.007370245659554346,0.025423023708727746,0.03873070899590906,0.00023235713396550155,5.4339967775971634e-05,9.635955956143093e-05
117,13.0,1.0,2.0,15.916666666666666,5.107184482014854,0.1697269621087547,0.6649352725391147,1.2324280506382512,0.0071440937143909,0.0011925117749243,0.0020625528276062,2.0,0.21177229022022745,0.7746216099065418,1.6476777298175005,0.005864730770298421,0.0010562425725945785,0.0015658035355605926
118,13.0,1.0,2.0,39.66666666666666,9.217900898235833,0.1014002383297659,0.4331140150122136,0.8047045524083151,0.0043672178405326,0.0007362620117865,0.0012973527533661,4.0,0.1260231379922779,0.5592437482813308,1.1531600018896395,0.0027719761231756977,0.0004826528682061881,0.0009867313459142547
119,13.0,1.0,2.0,97.91666666666669,11.774072697193096,0.067975602240804,0.2724701359782389,0.5020114457526508,0.0027609405100436,0.0004897098630822,0.0008596976697265,8.0,0.12978743972266166,0.25463508740974067,0.4739472079530849,0.0021710861959790798,0.0005896664686575261,0.0006328122973398645
120,13.0,1.0,2.0,208.41666666666663,21.496123681569504,0.0467645431924658,0.1849753136682478,0.3425310569860783,0.001888479988421,0.0003297718024129,0.0005806771908728,16.0,0.05390386885277031,0.1553881982513221,0.2512349648241007,0.00210696042663614,0.0004013402479145488,0.0006364021015282147
121,13.0,1.0,2.0,414.3333333333333,37.298143588542246,0.0341645039965946,0.1361975893080833,0.2523820681691417,0.0013441924465393,0.0002371639025371,0.000418236476171,31.0,0.05091312165708048,0.12179923898459405,0.19621549961662788,0.0010882200176417305,0.0001942776044688309,0.00039226088089726124
122,13.0,1.0,2.0,871.75,76.32124093711933,0.0237768549924781,0.0946930215661816,0.1750650831357679,0.0009266178194559,0.0001649860095078,0.0002890637617089,62.0,0.028506269916973775,0.08560546298216876,0.13795913144258293,0.0007854579435849222,0.0001542360202096781,0.00026733190453263704
123,13.0,1.0,2.0,1789.9166666666667,131.05617000725184,0.0165375759005564,0.0658259384032363,0.1219978483416818,0.0006461756727082,0.0001138235842579,0.0001991089735128,125.0,0.018060075184580617,0.058146424352712285,0.11087190482325267,0.0007520361672747038,0.00012978143937393593,0.00013367998485179242
124,13.0,1.0,2.0,3672.4166666666665,297.9153199800035,0.0114199095151114,0.0457299865150501,0.08471971927086,0.0004534701386714,7.944029204377336e-05,0.0001391520750833,250.0,0.017493473349754707,0.05025292374207693,0.07800017108543986,0.0002529145279762615,8.960049311086407e-05,0.0001702297941545938
125,13.0,1.0,2.0,7415.0,559.0143923988817,0.0081004423747513,0.0322370645892788,0.0597412476155852,0.0003185426580538,5.598453655549301e-05,9.804334075635462e-05,500.0,0.014013043710725233,0.04091934666595836,0.06823676273943029,0.00027155394604043225,5.849034060241369e-05,0.0001093445620721197
126,14.0,1.0,3.0,12.0,4.492417854765759,0.3115839446207948,1.2509680978419002,2.796271429795561,0.0121464652546252,0.0014780981945484,0.002895346265993,2.0,0.2978344682636588,0.7107958560173194,1.4572571907223013,0.013338654084090901,0.0019941103424163417,0.004321155550903632
127,14.0,1.0,3.0,31.666666666666668,6.541244437251889,0.1410965331489993,0.5156316191494337,1.1288879483810603,0.0067781511736854,0.0008516134686581,0.0017265075538014,4.0,0.17397436409558845,0.37056335279475344,0.7120131531395981,0.006851869024974343,0.00093288799696456,0.0019456038340139536
128,14.0,1.0,3.0,83.66666666666667,11.5075732639094,0.1010187482599146,0.3246788156522278,0.7120285984425063,0.0042698145939451,0.0005542254354803,0.0011375119046996,8.0,0.1835672210624132,0.26097589836952334,0.4881613960436609,0.0033678967114123682,0.0010738558867837398,0.001888837052151634
129,14.0,1.0,3.0,179.0,18.20089907869189,0.0696241816229581,0.2154185035382677,0.4740912271564056,0.0028158805609139,0.0003795250321125,0.0007728405937406,16.0,0.07043730722433693,0.32426869668671776,0.5997829509161486,0.0023611742985879232,0.0003873805201436722,0.0009656788991990137
130,14.0,1.0,3.0,359.75,36.161569253962014,0.0475182105443095,0.1440957552000289,0.3148553636195515,0.0021221219726176,0.0002700492547666,0.0005527528079229,31.0,0.0657484417849269,0.15020747019962696,0.30353697335531576,0.0016374516811367408,0.0003692078436429617,0.0008770501733584848
131,14.0,1.0,3.0,739.4166666666666,69.99929653326178,0.0352746745791745,0.1194171679449818,0.2622871152636616,0.0014811366693635,0.0001913594784691,0.0003902808817591,62.0,0.03761741474483509,0.11505095493760337,0.23641396167321183,0.0011880342345218168,0.0003574741820664188,0.0006136629240241856
132,14.0,1.0,3.0,1524.5,101.55473222043192,0.0242359718875338,0.0819737152994787,0.1798249426525697,0.0010048440592118,0.0001318919380907,0.0002685346811866,125.0,0.022774108402345117,0.07013202736469104,0.12353793860474117,0.0008572624653346674,0.00015701404093317048,0.00033447327837333204
133,14.0,1.0,3.0,3128.0,240.3970200995164,0.0170795808886908,0.057866023421924,0.1274482836290862,0.0007051238070958,9.249872071187434e-05,0.0001886716724895,250.0,0.023669389999523782,0.059644007485793904,0.1102278685008795,0.0005078199178713873,8.601526143921549e-05,0.00014767071089181961
134,14.0,1.0,3.0,6338.833333333333,452.244067920959,0.0119037844122503,0.0388773680950755,0.0854058770421177,0.0005004943389623,6.487609343972554e-05,0.0001321772168971,500.0,0.015762715223327072,0.036478336187459943,0.0717518748692852,0.0002953946002319346,8.866528432560416e-05,0.00014777532352956284
135,15.0,1.0,4.0,18.357142857142858,8.39053627017361,0.6180271954256659,4.025051623448894,0.0281268147351038,0.0040898733127427,0.1533623072987623,0.1534984891933561,2.0,0.6525021390188781,0.0,5.9842246363982134,0.056851258681580606,0.0027938653405755356,0.009576107196844368
136,15.0,1.0,4.0,43.71428571428572,15.837776511719213,0.3729560870359175,2.304175511048211,0.015471780532865,0.0022488546291072,0.0874664683096981,0.1175536581964046,4.0,0.49645846169877894,0.0,2.7359822332418076,0.014008904927442514,0.001756346715505974,0.0033396054275171903
137,15.0,1.0,4.0,99.71428571428572,41.82091595110049,0.2791692331083167,1.861914989619942,0.0121333807560559,0.0017604038700577,0.0652902505355891,0.0787258272029761,8.0,0.2852091020059247,0.0,1.223026041308789,0.009580750296721723,0.000886432715763931,0.0026874647670358733
138,15.0,1.0,4.0,219.14285714285717,80.09691931351968,0.1773226014923083,1.135470311620444,0.0077201707049964,0.001177212597622,0.0444315956515502,0.0498574085302991,16.0,0.24935494494022836,0.0,1.4301797214252008,0.009361441079564423,0.0007365047582921151,0.0022970657973617518
139,15.0,1.0,4.0,443.8571428571428,155.81688322804143,0.1267650301035063,0.8139918260382857,0.0055786486458895,0.0008051672408352,0.0305275122986275,0.0365282371878249,31.0,0.12654190567768386,0.0,1.1824807032544715,0.005886952861355777,0.000263271734283186,0.0009225499843652439
140,15.0,1.0,4.0,909.3571428571428,315.8367658100662,0.0886197116092931,0.5559402524423953,0.0037438080307927,0.0005646097957249,0.0210359729256474,0.0256461224497416,62.0,0.1032597406130266,0.0,0.5729140143437514,0.004177910893700029,0.00040599259911912913,0.0011693984692919587
141,15.0,1.0,4.0,1852.5,620.7045314677631,0.0620202559077044,0.36342601919589,0.0026628576218577,0.0003973216041733,0.0145172821246166,0.0179418895637117,125.0,0.0993533703242177,0.0,0.519870297589145,0.002657626493486627,0.00014865625615853538,0.0005658871566063601
142,15.0,1.0,4.0,3832.285714285714,1313.8349286650207,0.0421603673066135,0.2762340441416611,0.0018620001726254,0.0002722512101507,0.0099868922307478,0.0127036611786299,250.0,0.06279307144759187,0.0,0.3212246573080593,0.0017279968371314424,0.00012348201108323097,0.00043452119025788117
143,15.0,1.0,4.0,7691.214285714285,2592.0519990798925,0.0296686103964635,0.1533975577194295,0.0013027403808894,0.0001898200990411,0.0071159530498129,0.008858384661317,500.0,0.04491951024933926,0.0,0.2080751053421075,0.001157453434098164,8.252679524538756e-05,0.0003305280897443256
144,16.0,2.0,1.0,10.083333333333334,4.100073909163841,0.2437177534225468,2.1560183208869077,1.7497305744980665,0.0050924893225219,0.0026145960491058,0.0021916538656153,2.0,0.28022454067334873,1.5953511638096385,1.4797653592893079,0.0068542128150364985,0.003946990866518421,0.0029570824736493352
145,16.0,2.0,1.0,27.416666666666668,4.999242366841624,0.1208966673100076,1.0639612304966757,0.8607597903402938,0.0026508537932774,0.0015366001431732,0.0012817874888867,4.0,0.1231842641066693,0.7604114066110742,0.6233280014759653,0.001778976775156932,0.002081572122426687,0.001510601589296607
146,16.0,2.0,1.0,62.91666666666666,12.773967372130024,0.0834192973278165,0.7032233523805458,0.5655532689322907,0.0017757927807038,0.0010537634538484,0.0008763728278154,8.0,0.14718023468542868,0.8050889293912226,0.6497865026514201,0.0010448640761170412,0.0012939050916137317,0.0010143805122271342
147,16.0,2.0,1.0,138.25,11.03815696078422,0.0548050788400734,0.4704353382772174,0.3800317804693006,0.0011653511630977,0.0006883242331924,0.0005722254800338,16.0,0.06347011892310446,0.42117161426894667,0.3478473150582332,0.001059561351305065,0.0007367024516091485,0.0006980148535129131
148,16.0,2.0,1.0,286.0,16.242480777830146,0.0388076345581639,0.319512465849665,0.2581350341068281,0.0007729333196768,0.0004795742035041,0.0004005977824867,31.0,0.054289222247850016,0.22749057857221597,0.19316428182752596,0.0007080318304741641,0.0006951521660986226,0.0005318590396708927
149,16.0,2.0,1.0,612.25,26.143398262798065,0.0280124927487719,0.2371152849002639,0.1916942661288194,0.0005574643486358,0.0003320628831009,0.0002766226219961,62.0,0.03878732219058061,0.1578212123942964,0.12389985619370149,0.00034225518663662875,0.00030756890556936833,0.00020161887852130343
150,16.0,2.0,1.0,1256.1666666666667,34.474848099957626,0.0191167531238963,0.1574018794889904,0.1272358675845769,0.0003844471138314,0.000230576921366,0.0001920614051113,125.0,0.02313200354739216,0.1110126638625721,0.08491792074647182,0.0002688680461421409,0.00019186369383579125,0.00020667867927299009
151,16.0,2.0,1.0,2569.333333333333,70.7920557090635,0.0132889082822229,0.1099922876084197,0.0889003463622799,0.0002688578930711,0.0001615545831393,0.0001345612933449,250.0,0.018624186181590383,0.08772372750441626,0.07199438564197466,0.0002195118956309842,0.0002199956484398166,0.0001986367684366639
152,16.0,2.0,1.0,5199.666666666667,101.87812088545566,0.0094584433180095,0.0806805377192459,0.0652143389140762,0.0001901500723113,0.0001136645283278,9.465968430822772e-05,500.0,0.018220635833378008,0.08874313452152639,0.06748203634294923,0.00013883467621101874,0.00012427925936734602,0.00012877862714623058
153,17.0,2.0,2.0,12.75,3.9571569224748857,0.201590695056427,1.7337798303129497,1.6328500135244102,0.0052518179392155,0.0026896365925529,0.0025563424392413,2.0,0.33622742528916777,2.587499788614609,2.3234949588578995,0.0035218889603878577,0.0031192062862248535,0.00314042109183234
154,17.0,2.0,2.0,31.08333333333333,5.401318581998513,0.1262757366506593,1.0098598912720516,0.9591236451400136,0.0029756525894891,0.0014821170106753,0.0014369493148101,4.0,0.22236457891026984,0.8788297940340662,0.7090568671343385,0.0022995562199093684,0.0016620823810295047,0.001608626906045278
155,17.0,2.0,2.0,63.91666666666666,11.01617268410679,0.0900106243729039,0.6720027653712942,0.6386701874468022,0.0021482172841684,0.0010296056688525,0.0009922823019013,8.0,0.14008155641871284,0.7511908224596109,0.7270402189083093,0.0018145730713800443,0.0009925640704826326,0.0008610488066844174
156,17.0,2.0,2.0,146.91666666666666,8.184889995743635,0.061112437359346,0.5076542458537437,0.4838336490985305,0.0013919979645578,0.0006701399107649,0.0006476425840435,16.0,0.0889724582099726,0.4571378831941235,0.46241221296974894,0.0005460833359779172,0.0006582803497771357,0.0006596371149958724
157,17.0,2.0,2.0,312.6666666666667,9.217900898235833,0.0414476487069331,0.3172867525336242,0.3019056999572327,0.0009547908147861,0.0004624872971228,0.0004464860020202,31.0,0.04785683796664672,0.26432151269841425,0.2383615295109121,0.0008209809533969948,0.0005277003506701239,0.000441253337528353
158,17.0,2.0,2.0,640.4166666666666,16.50596769950098,0.0295386202002282,0.2311167544049255,0.2196738472523906,0.0006722858395057,0.0003256747098972,0.0003146203134997,62.0,0.03746387742464156,0.14160871099622474,0.15061847186111618,0.0005163192340508363,0.00037285646361580224,0.00031222335273712004
159,17.0,2.0,2.0,1332.0,30.208367293606823,0.0205484589852053,0.1693681886699309,0.1609383681206359,0.0004711959960214,0.0002268485361057,0.0002186365324764,125.0,0.034504066379323586,0.09837044718558217,0.07865111920781058,0.0003106682660639162,0.0002461887284965539,0.0002676571517557097
160,17.0,2.0,2.0,2781.5,62.35455804583101,0.0143822865590512,0.1177452759137282,0.1118867358835115,0.0003271905662861,0.000158056424524,0.0001524100554425,250.0,0.018902874335347573,0.08013993190752054,0.07373149865726017,0.00025410184876530344,0.00018108998970761873,0.00020982151965504714
161,17.0,2.0,2.0,5592.166666666667,67.60692989403505,0.0101130773423984,0.0828527961708796,0.078746925865924,0.0002303150921382,0.0001110793635199,0.000107139356292,500.0,0.015785389822894083,0.05339127514099177,0.051273286595487313,0.00014479697510283123,0.00010421103522446287,0.00011881797047826281
162,18.0,2.0,3.0,11.0,3.765875486765087,0.2929757526940867,2.0421924493054027,2.350236512920916,0.0065522782297457,0.0022896822013837,0.0026369351685874,2.0,0.28845278770803656,2.0095145779156685,2.3684483288833893,0.004017641854493232,0.0027025320374934603,0.002540709918882975
163,18.0,2.0,3.0,25.33333333333333,5.8981250230796896,0.2014105881030091,1.4067537986442402,1.6159770780140006,0.00495137186377,0.0017294539600694,0.0020110358649213,4.0,0.3457400634588234,1.5697696586145728,2.0696383185362297,0.005216611634804439,0.0017715527378338038,0.0020634940744738103
164,18.0,2.0,3.0,58.66666666666666,7.352591792055782,0.1324867288951362,0.9179626898736136,1.056394220923231,0.0030246334488661,0.001086952582529,0.0012631386173602,8.0,0.19315371502848447,0.8983788998898299,1.0054023168661466,0.0030027095570813625,0.0006816058755388449,0.0005277268413254706
165,18.0,2.0,3.0,132.33333333333334,13.472755899041276,0.0858573429202961,0.5761093790823637,0.659307743015354,0.0020303595740656,0.0007347687844939,0.00084149524657,16.0,0.12410677493157181,0.5124170204347254,0.5420942785564088,0.00216445392778711,0.0008796334061885966,0.0010128624891579188
166,18.0,2.0,3.0,274.0833333333333,14.631586835792396,0.0595875266589689,0.365688961641812,0.4164125958709703,0.0014334227685276,0.0005190781893575,0.0005979947045473,31.0,0.07861993182804672,0.4011736691669033,0.4112615020702275,0.001192936440819876,0.0004176918254900006,0.00041822359782932875
167,18.0,2.0,3.0,576.5,21.462440766053696,0.0423572307876707,0.2931878521812707,0.3352703759654288,0.0009873832842417,0.0003568717907036,0.0004127218191469,62.0,0.057467457077144214,0.2775375014595189,0.3270034278837059,0.0007977483063596185,0.0003800471623265492,0.0004531824150614847
168,18.0,2.0,3.0,1174.5833333333333,32.10057584681262,0.0297083419822334,0.1976756033674025,0.2262169091823155,0.0006983142201043,0.00025127086978,0.0002905761518087,125.0,0.03459161272206467,0.22230847660892647,0.24063066771224026,0.0007271980336405902,0.00023438638254140028,0.0002802965213466272
169,18.0,2.0,3.0,2462.833333333333,61.598160145684005,0.0204937327818368,0.1368644189213057,0.1567296318505214,0.0004823603424826,0.0001703676905988,0.0001972141179868,250.0,0.028854257837237957,0.10481568038386786,0.1035822103505995,0.00039871251137351516,0.0001017868476743297,0.00012447218631904614
170,18.0,2.0,3.0,4972.583333333333,72.05737402594652,0.0144604287626612,0.1003541105286674,0.1148883515998612,0.0003394796262909,0.000122463157725,0.0001416983297949,500.0,0.018747515399121728,0.06344931735998453,0.06660680743225772,0.00030972066619656865,9.815394227976902e-05,0.00010052924096261255
171,19.0,2.0,4.0,19.0,9.90726229358273,0.6087340728335909,3.85290759408676,0.0186109280493247,0.0044922827477479,0.1477679254052496,0.1655717970113613,2.0,1.0686928496017973,0.0,5.663068619779546,0.014879555174435547,0.00352083081021978,0.0055282337145212326
172,19.0,2.0,4.0,39.0,14.987174003640066,0.4337633003312817,2.9377985562565136,0.0099869682944468,0.0028468108723371,0.0995867453637423,0.1269295857704465,4.0,0.44333931257343734,0.0,3.9652647190037364,0.008967549530580404,0.003989237268865057,0.005372787817483937
173,19.0,2.0,4.0,83.35714285714286,27.07427715593684,0.2910634601889129,1.947040703221173,0.0070271912698358,0.0019535897361377,0.0660017106921155,0.0890856838489135,8.0,0.3628179798685694,0.0,2.0240687457082815,0.007827877785120747,0.0018101758748588672,0.0026301689818447583
174,19.0,2.0,4.0,187.8571428571429,64.98740368227244,0.1923575149855824,1.2780663798991707,0.0045579093735113,0.0012510524712074,0.0445815235671845,0.0605988065402871,16.0,0.21580201376277905,0.0,2.293471569502069,0.004313690011958334,0.0019342063291041811,0.0028951472183411215
175,19.0,2.0,4.0,383.0,127.09717663147482,0.1381484346635892,0.8426494992411903,0.0033423960609974,0.0009218805314604,0.0318709547236978,0.0431040985738512,31.0,0.1351841923170403,0.0,1.0113598059000792,0.003901191589913011,0.0007101670875741822,0.001209123214600069
176,19.0,2.0,4.0,802.1428571428571,251.7892455523551,0.0970256298982019,0.6346186312604264,0.0022997453275153,0.0006141163221596,0.0222099344277671,0.0291523099221999,62.0,0.08874476864283128,0.0,0.39220611296522756,0.0022499655738871917,0.000670152146944691,0.0010459918222490022
177,19.0,2.0,4.0,1678.7857142857142,525.1811670669068,0.0657841888298396,0.4318332267372275,0.001575151035842,0.000434424331731,0.0153288284777408,0.0203349345492817,125.0,0.10974846337598954,0.0,0.46119660630525655,0.0012885508084527612,0.0005619894188036628,0.0007870769281773981
178,19.0,2.0,4.0,3421.214285714286,1057.8415744823496,0.0465700378845822,0.311887211756338,0.0011321313654216,0.0003046592124231,0.010638536620634,0.0143907349704344,250.0,0.04870524064518315,0.0,0.502178747938792,0.0012032268629695519,0.00041910591254876124,0.0005753104552398644
179,19.0,2.0,4.0,6867.571428571428,2116.719694181604,0.0329568657490362,0.1967529996140919,0.0007886770115652,0.0002140873152978,0.0075189492678736,0.0100697987140827,500.0,0.03843843728626053,0.0,0.2664298533921025,0.0008936419440949364,0.00029811192926046436,0.0004223271374747716
